{
  "name": "chemon-quotation-backend",
  "version": "1.0.0",
  "description": "CHEMON 견적관리시스템 백엔드 API 서버",
  "main": "dist/index.js",
  "scripts": {
    "dev": "ts-node-dev --respawn --transpile-only src/index.ts",
    "build": "tsc && npm run build:seed",
    "build:seed": "tsc prisma/seed-master-data.ts --outDir dist/prisma --esModuleInterop --resolveJsonModule --skipLibCheck || true",
    "start": "node dist/index.js",
    "test": "jest",
    "test:watch": "jest --watch",
    "lint": "eslint src/**/*.ts --fix",
    "format": "prettier --write src/**/*.ts",
    "prisma:generate": "prisma generate",
    "prisma:migrate": "prisma migrate dev",
    "prisma:studio": "prisma studio",
    "seed:master": "ts-node prisma/seed-master-data.ts",
    "seed:master:prod": "node dist/prisma/seed-master-data.js",
    "postdeploy": "npx prisma migrate deploy && npm run seed:master:prod"
  },
  "prisma": {
    "seed": "ts-node prisma/seed.ts"
  },
  "keywords": [
    "express",
    "typescript",
    "prisma",
    "postgresql"
  ],
  "author": "",
  "license": "ISC",
  "dependencies": {
    "@prisma/client": "^5.7.0",
    "@types/bcrypt": "^5.0.2",
    "@types/cors": "^2.8.17",
    "@types/express": "^4.17.21",
    "@types/jsonwebtoken": "^9.0.5",
    "@types/multer": "^2.0.0",
    "@types/node": "^20.10.5",
    "@types/pdfkit": "^0.17.4",
    "@types/swagger-jsdoc": "^6.0.4",
    "@types/swagger-ui-express": "^4.1.8",
    "bcrypt": "^5.1.1",
    "cors": "^2.8.5",
    "dotenv": "^16.3.1",
    "exceljs": "^4.4.0",
    "express": "^4.18.2",
    "helmet": "^7.1.0",
    "jsonwebtoken": "^9.0.2",
    "multer": "^2.0.2",
    "pdfkit": "^0.17.2",
    "prisma": "^5.7.0",
    "swagger-jsdoc": "^6.2.8",
    "swagger-ui-express": "^5.0.1",
    "typescript": "^5.3.3",
    "zod": "^3.22.4"
  },
  "devDependencies": {
    "@types/jest": "^29.5.11",
    "@typescript-eslint/eslint-plugin": "^6.21.0",
    "@typescript-eslint/parser": "^6.21.0",
    "eslint": "^8.57.0",
    "fast-check": "^3.15.0",
    "jest": "^29.7.0",
    "prettier": "^3.2.5",
    "ts-jest": "^29.1.1",
    "ts-node": "^10.9.2",
    "ts-node-dev": "^2.0.0"
  }
}
