{
  "name": "chemon-quotation",
  "version": "0.1.0",
  "private": true,
  "scripts": {
    "dev": "next dev",
    "build": "next build",
    "start": "next start",
    "lint": "next lint",
    "test": "jest",
    "test:watch": "jest --watch"
  },
  "dependencies": {
    "@hookform/resolvers": "^3.9.0",
    "@radix-ui/react-accordion": "^1.2.12",
    "@radix-ui/react-alert-dialog": "^1.1.1",
    "@radix-ui/react-avatar": "^1.1.0",
    "@radix-ui/react-checkbox": "^1.1.1",
    "@radix-ui/react-collapsible": "^1.1.12",
    "@radix-ui/react-dialog": "^1.1.1",
    "@radix-ui/react-dropdown-menu": "^2.1.1",
    "@radix-ui/react-label": "^2.1.0",
    "@radix-ui/react-popover": "^1.1.15",
    "@radix-ui/react-radio-group": "^1.3.8",
    "@radix-ui/react-scroll-area": "^1.2.10",
    "@radix-ui/react-select": "^2.1.1",
    "@radix-ui/react-separator": "^1.1.0",
    "@radix-ui/react-slider": "^1.3.6",
    "@radix-ui/react-slot": "^1.1.0",
    "@radix-ui/react-switch": "^1.2.6",
    "@radix-ui/react-tabs": "^1.1.0",
    "@radix-ui/react-toast": "^1.2.1",
    "@radix-ui/react-tooltip": "^1.2.8",
    "@react-pdf/renderer": "^3.4.5",
    "@tanstack/react-query": "^5.51.1",
    "@types/file-saver": "^2.0.7",
    "class-variance-authority": "^0.7.1",
    "clsx": "^2.1.1",
    "date-fns": "^3.6.0",
    "docx": "^9.5.1",
    "exceljs": "^4.4.0",
    "file-saver": "^2.0.5",
    "framer-motion": "^12.27.5",
    "lucide-react": "^0.408.0",
    "next": "14.2.3",
    "react": "^18.3.1",
    "react-dom": "^18.3.1",
    "react-hook-form": "^7.52.1",
    "recharts": "^2.12.7",
    "tailwind-merge": "^2.6.0",
    "tailwindcss-animate": "^1.0.7",
    "xlsx": "^0.18.5",
    "zod": "^3.23.8",
    "zustand": "^4.5.2"
  },
  "devDependencies": {
    "@testing-library/jest-dom": "^6.9.1",
    "@testing-library/react": "^16.3.1",
    "@types/jest": "^30.0.0",
    "@types/node": "^20.14.10",
    "@types/react": "^18.3.3",
    "@types/react-dom": "^18.3.0",
    "autoprefixer": "^10.4.19",
    "eslint": "^8.57.0",
    "eslint-config-next": "14.2.3",
    "fast-check": "^4.4.0",
    "jest": "^30.2.0",
    "jest-environment-jsdom": "^30.2.0",
    "postcss": "^8.4.39",
    "tailwindcss": "^3.4.4",
    "ts-jest": "^29.4.6",
    "typescript": "^5.5.3"
  }
}
